{"cameraMode":{"drawMode":0,"name":"Shaded","section":"Shading Mode"},"sceneLighting":true,"audioPlay":false,"sceneViewState":{"showFog":true,"showMaterialUpdate":false,"showSkybox":true,"showFlares":true,"showImageEffects":true,"showParticleSystems":true},"in2DMode":false,"pivot":{"x":6.785999774932861,"y":3.301949977874756,"z":-1.71999990940094},"rotation":{"x":-0.26855194568634035,"y":-0.17986352741718293,"z":0.0511159785091877,"w":-0.9449424743652344},"size":1.3582487106323243,"orthographic":false}