{"cameraMode":{"drawMode":0,"name":"Shaded","section":"Shading Mode"},"sceneLighting":true,"audioPlay":false,"sceneViewState":{"showFog":true,"showMaterialUpdate":false,"showSkybox":true,"showFlares":true,"showImageEffects":true,"showParticleSystems":true},"in2DMode":false,"pivot":{"x":5.916893005371094,"y":0.15008807182312013,"z":-2.0850589275360109},"rotation":{"x":0.30353182554244997,"y":-0.6958932876586914,"z":0.4431140720844269,"w":0.47670844197273257},"size":4.215755939483643,"orthographic":false}