{"cameraMode":{"drawMode":0,"name":"Shaded","section":"Shading Mode"},"sceneLighting":true,"audioPlay":false,"sceneViewState":{"showFog":true,"showMaterialUpdate":false,"showSkybox":true,"showFlares":true,"showImageEffects":true,"showParticleSystems":true},"in2DMode":false,"pivot":{"x":7.839513301849365,"y":-6.580870151519775,"z":-0.7596222162246704},"rotation":{"x":-0.44005417823791506,"y":-0.5239976644515991,"z":0.49150291085243227,"w":-0.538705587387085},"size":10.323673248291016,"orthographic":false}