{"cameraMode":{"drawMode":0,"name":"Shaded","section":"Shading Mode"},"sceneLighting":true,"audioPlay":false,"sceneViewState":{"showFog":true,"showMaterialUpdate":false,"showSkybox":true,"showFlares":true,"showImageEffects":true,"showParticleSystems":true},"in2DMode":false,"pivot":{"x":6.85467529296875,"y":3.2208251953125,"z":-1.7137041091918946},"rotation":{"x":0.31388363242149355,"y":0.6512353420257568,"z":-0.33978381752967837,"w":0.6015949845314026},"size":4.06088924407959,"orthographic":false}