{"cameraMode":{"drawMode":0,"name":"Shaded","section":"Shading Mode"},"sceneLighting":false,"audioPlay":false,"sceneViewState":{"showFog":true,"showMaterialUpdate":false,"showSkybox":true,"showFlares":true,"showImageEffects":true,"showParticleSystems":true},"in2DMode":false,"pivot":{"x":-5.0209832191467289,"y":4.4560546875,"z":2.3684628009796144},"rotation":{"x":0.045104384422302249,"y":0.9359414577484131,"z":-0.3240490257740021,"w":0.13027435541152955},"size":4.115248203277588,"orthographic":false}