{"cameraMode":{"drawMode":0,"name":"Shaded","section":"Shading Mode"},"sceneLighting":true,"audioPlay":false,"sceneViewState":{"showFog":true,"showMaterialUpdate":false,"showSkybox":true,"showFlares":true,"showImageEffects":true,"showParticleSystems":true},"in2DMode":false,"pivot":{"x":7.135313034057617,"y":3.238616943359375,"z":-1.6321139335632325},"rotation":{"x":-0.24671635031700135,"y":-0.6085124611854553,"z":0.207002192735672,"w":-0.7252542972564697},"size":1.6582486629486085,"orthographic":false}