{"cameraMode":{"drawMode":0,"name":"Shaded","section":"Shading Mode"},"sceneLighting":true,"audioPlay":false,"sceneViewState":{"showFog":true,"showMaterialUpdate":false,"showSkybox":true,"showFlares":true,"showImageEffects":true,"showParticleSystems":true},"in2DMode":false,"pivot":{"x":0.8162758350372315,"y":-0.17296290397644044,"z":0.9322583675384522},"rotation":{"x":-0.13770686089992524,"y":-0.04841621592640877,"z":0.006734529510140419,"w":-0.9892660975456238},"size":3.8820807933807375,"orthographic":false}