{"cameraMode":{"drawMode":0,"name":"Shaded","section":"Shading Mode"},"sceneLighting":true,"audioPlay":false,"sceneViewState":{"showFog":true,"showMaterialUpdate":false,"showSkybox":true,"showFlares":true,"showImageEffects":true,"showParticleSystems":true},"in2DMode":false,"pivot":{"x":663.9749145507813,"y":57.37945556640625,"z":-37.4307861328125},"rotation":{"x":0.04797688499093056,"y":0.015287886373698712,"z":-0.0007235761731863022,"w":0.998731255531311},"size":1945.84228515625,"orthographic":false}