{"cameraMode":{"drawMode":0,"name":"Shaded","section":"Shading Mode"},"sceneLighting":true,"audioPlay":false,"sceneViewState":{"showFog":true,"showMaterialUpdate":false,"showSkybox":true,"showFlares":true,"showImageEffects":true,"showParticleSystems":true},"in2DMode":false,"pivot":{"x":6.0370001792907719,"y":3.867000102996826,"z":-1.7710000276565552},"rotation":{"x":-0.20099176466464997,"y":0.5789633393287659,"z":-0.14999842643737794,"w":-0.7758248448371887},"size":22.0,"orthographic":false}